2025,,,,,,,David,Andrew,Daniel,Kyle,Scott,Catie,Caleb,Ethan,Phil
1,"Thu, 8:20 PM",DAL,20,Final,24,PHI,PHI,PHI,PHI,PHI,PHI,PHI,PHI,PHI,DAL
1,"Fri, 8:00 PM",KC,21,Final,27,LAC,KC,KC,KC,LAC,LAC,KC,KC,LAC,KC
1,"Sun, 1:00 PM",TB,23,Final,20,ATL,TB,TB,TB,TB,TB,TB,TB,TB,TB
1,"Sun, 1:00 PM",CIN,17,Final,16,CLE,CIN,CIN,CIN,CIN,CIN,CIN,CIN,CIN,CLE
1,"Sun, 1:00 PM",MIA,8,Final,33,IND,MIA,MIA,MIA,MIA,MIA,IND,IND,IND,MIA
1,"Sun, 1:00 PM",LV,20,Final,13,NE,LV,NE,LV,NE,NE,LV,NE,NE,NE
1,"Sun, 1:00 PM",ARI,20,Final,13,NO,ARI,ARI,ARI,ARI,ARI,ARI,ARI,ARI,ARI
1,"Sun, 1:00 PM",PIT,34,Final,32,NYJ,PIT,PIT,PIT,PIT,PIT,PIT,NYJ,PIT,PIT
1,"Sun, 1:00 PM",NYG,6,Final,21,WSH,WSH,WSH,WSH,WSH,WSH,WSH,WSH,WSH,WSH
1,"Sun, 1:00 PM",CAR,10,Final,26,JAX,CAR,JAX,JAX,JAX,JAX,JAX,JAX,JAX,CAR
1,"Sun, 4:05 PM",TEN,12,Final,20,DEN,DEN,DEN,DEN,DEN,DEN,DEN,DEN,DEN,TEN
1,"Sun, 4:05 PM",SF,17,Final,13,SEA,SF,SF,SEA,SF,SF,SF,SF,SF,SEA
1,"Sun, 4:25 PM",DET,13,Final,27,GB,DET,DET,DET,DET,DET,DET,GB,GB,DET
1,"Sun, 4:25 PM",HOU,9,Final,14,LAR,LAR,LAR,LAR,LAR,LAR,LAR,HOU,HOU,HOU
1,"Sun, 8:20 PM",BAL,40,Final,41,BUF,BUF,BUF,BUF,BAL,BAL,BAL,BUF,BUF,BUF
1,"Mon, 8:15 PM",MIN,27,Final,24,CHI,MIN,CHI,MIN,CHI,MIN,MIN,CHI,MIN,MIN
2,"Thu, 8:15 PM",WSH,18,Final,27,GB,WSH,GB,GB,GB,WSH,GB,WSH,WSH,WSH
2,"Sun, 1:00 PM",JAX,27,Final,31,CIN,CIN,CIN,CIN,CIN,CIN,CIN,CIN,CIN,JAX
2,"Sun, 1:00 PM",NYG,37,Final,40,DAL,DAL,DAL,DAL,DAL,DAL,DAL,DAL,DAL,DAL
2,"Sun, 1:00 PM",CHI,21,Final,52,DET,DET,DET,CHI,DET,DET,DET,CHI,CHI,CHI
2,"Sun, 1:00 PM",LAR,33,Final,19,TEN,LAR,LAR,LAR,LAR,LAR,LAR,LAR,LAR,LAR
2,"Sun, 1:00 PM",NE,33,Final,27,MIA,NE,NE,NE,NE,NE,NE,NE,NE,NE
2,"Sun, 1:00 PM",SF,26,Final,21,NO,SF,SF,SF,NO,SF,SF,SF,SF,SF
2,"Sun, 1:00 PM",BUF,30,Final,10,NYJ,BUF,BUF,BUF,BUF,BUF,BUF,BUF,BUF,BUF
2,"Sun, 1:00 PM",SEA,31,Final,17,PIT,PIT,SEA,PIT,PIT,PIT,PIT,PIT,PIT,PIT
2,"Sun, 1:00 PM",CLE,17,Final,41,BAL,BAL,BAL,BAL,BAL,BAL,BAL,BAL,BAL,BAL
2,"Sun, 4:05 PM",DEN,28,Final,29,IND,DEN,DEN,IND,DEN,IND,DEN,DEN,DEN,IND
2,"Sun, 4:05 PM",CAR,22,Final,27,ARI,ARI,ARI,ARI,ARI,ARI,ARI,ARI,ARI,ARI
2,"Sun, 4:25 PM",PHI,20,Final,17,KC,PHI,PHI,PHI,PHI,KC,PHI,PHI,PHI,KC
2,"Sun, 8:20 PM",ATL,22,Final,6,MIN,MIN,MIN,MIN,ATL,MIN,MIN,MIN,ATL,MIN
2,"Mon, 7:00 PM",TB,20,Final,19,HOU,TB,TB,HOU,TB,TB,HOU,TB,TB,HOU
2,"Mon, 10:00 PM",LAC,20,Final,9,LV,LAC,LAC,LAC,LAC,LAC,LAC,LAC,LAC,LAC
3,"Thu, 8:15 PM",MIA,21,Final,31,BUF,BUF,BUF,BUF,BUF,BUF,BUF,BUF,BUF,BUF
3,"Sun, 1:00 PM",GB,10,Final,13,CLE,GB,GB,GB,GB,GB,GB,GB,GB,GB
3,"Sun, 1:00 PM",IND,41,Final,20,TEN,IND,IND,IND,IND,IND,IND,IND,IND,IND
3,"Sun, 1:00 PM",CIN,10,Final,48,MIN,CIN,CIN,CIN,CIN,MIN,CIN,MIN,CIN,CIN
3,"Sun, 1:00 PM",PIT,21,Final,14,NE,PIT,PIT,PIT,NE,PIT,PIT,PIT,NE,NE
3,"Sun, 1:00 PM",LAR,26,Final,33,PHI,PHI,PHI,LAR,LAR,PHI,PHI,PHI,PHI,PHI
3,"Sun, 1:00 PM",NYJ,27,Final,29,TB,TB,TB,TB,TB,TB,TB,TB,TB,TB
3,"Sun, 1:00 PM",LV,24,Final,41,WSH,WSH,WSH,WSH,LV,WSH,LV,WSH,WSH,WSH
3,"Sun, 1:00 PM",ATL,0,Final,30,CAR,ATL,ATL,ATL,ATL,ATL,ATL,CAR,ATL,ATL
3,"Sun, 1:00 PM",HOU,10,Final,17,JAX,HOU,JAX,HOU,HOU,JAX,JAX,JAX,JAX,JAX
3,"Sun, 4:05 PM",DEN,20,Final,23,LAC,LAC,LAC,LAC,LAC,LAC,LAC,LAC,LAC,LAC
3,"Sun, 4:05 PM",NO,13,Final,44,SEA,SEA,SEA,SEA,SEA,SEA,SEA,SEA,SEA,SEA
3,"Sun, 4:25 PM",DAL,14,Final,31,CHI,DAL,DAL,DAL,DAL,DAL,CHI,DAL,DAL,CHI
3,"Sun, 4:25 PM",ARI,15,Final,16,SF,SF,SF,SF,ARI,SF,SF,SF,SF,SF
3,"Sun, 8:20 PM",KC,22,Final,9,NYG,KC,KC,KC,KC,KC,KC,NYG,KC,KC
3,"Mon, 8:15 PM",DET,38,Final,30,BAL,BAL,BAL,BAL,BAL,BAL,BAL,BAL,BAL,BAL
4,"Thu, 8:15 PM",SEA,23,Final,20,ARI,SEA,ARI,SEA,SEA,SEA,SEA,SEA,SEA,SEA
4,"Sun, 9:30 AM",MIN,21,Final,24,PIT,MIN,MIN,MIN,MIN,PIT,MIN,MIN,MIN,MIN
4,"Sun, 1:00 PM",WSH,27,Final,34,ATL,WSH,WSH,WSH,WSH,WSH,WSH,WSH,WSH,WSH
4,"Sun, 1:00 PM",NO,19,Final,31,BUF,BUF,BUF,BUF,BUF,BUF,BUF,BUF,BUF,BUF
4,"Sun, 1:00 PM",CLE,10,Final,34,DET,DET,DET,DET,DET,DET,DET,DET,DET,DET
4,"Sun, 1:00 PM",CAR,13,Final,42,NE,NE,NE,NE,NE,NE,NE,CAR,NE,NE
4,"Sun, 1:00 PM",LAC,18,Final,21,NYG,LAC,LAC,LAC,LAC,LAC,LAC,LAC,LAC,LAC
4,"Sun, 1:00 PM",PHI,31,Final,25,TB,PHI,PHI,PHI,PHI,TB,PHI,PHI,TB,TB
4,"Sun, 1:00 PM",TEN,0,Final,26,HOU,HOU,HOU,HOU,HOU,HOU,HOU,TEN,HOU,TEN
4,"Sun, 4:05 PM",IND,20,Final,27,LAR,LAR,LAR,LAR,LAR,IND,LAR,LAR,IND,IND
4,"Sun, 4:05 PM",JAX,26,Final,21,SF,SF,SF,SF,SF,SF,SF,SF,SF,JAX
4,"Sun, 4:25 PM",BAL,20,Final,37,KC,BAL,BAL,BAL,BAL,BAL,BAL,BAL,BAL,KC
4,"Sun, 4:25 PM",CHI,25,Final,24,LV,LV,CHI,LV,CHI,LV,LV,CHI,LV,CHI
4,"Sun, 8:20 PM",GB,40,Final,40,DAL,GB,GB,GB,DAL,GB,GB,GB,GB,GB
4,"Mon, 7:15 PM",NYJ,21,Final,27,MIA,NYJ,NYJ,NYJ,NYJ,MIA,MIA,NYJ,MIA,NYJ
4,"Mon, 8:15 PM",CIN,3,Final,28,DEN,DEN,DEN,DEN,DEN,DEN,DEN,DEN,DEN,DEN
5,"Thu, 8:15 PM",SF,26,Final,23,LAR,LAR,LAR,LAR,LAR,LAR,LAR,LAR,LAR,LAR
5,"Sun, 9:30 AM",MIN,21,Final,17,CLE,MIN,MIN,MIN,MIN,MIN,CLE,MIN,MIN,MIN
5,"Sun, 1:00 PM",LV,6,Final,40,IND,IND,IND,IND,IND,IND,IND,IND,IND,IND
5,"Sun, 1:00 PM",NYG,14,Final,26,NO,NYG,NYG,NYG,NO,NYG,NYG,NYG,NYG,NYG
5,"Sun, 1:00 PM",DAL,37,Final,22,NYJ,DAL,DAL,DAL,DAL,DAL,DAL,DAL,NYJ,DAL
5,"Sun, 1:00 PM",DEN,21,Final,17,PHI,PHI,PHI,PHI,DEN,PHI,PHI,PHI,PHI,PHI
5,"Sun, 1:00 PM",MIA,24,Final,27,CAR,MIA,CAR,MIA,MIA,CAR,MIA,MIA,MIA,CAR
5,"Sun, 1:00 PM",HOU,44,Final,10,BAL,BAL,BAL,BAL,HOU,BAL,BAL,BAL,HOU,HOU
5,"Sun, 4:05 PM",TEN,22,Final,21,ARI,ARI,ARI,ARI,ARI,ARI,ARI,ARI,ARI,ARI
5,"Sun, 4:05 PM",TB,38,Final,35,SEA,TB,TB,SEA,SEA,SEA,SEA,TB,TB,TB
5,"Sun, 4:25 PM",DET,37,Final,24,CIN,DET,DET,DET,DET,DET,DET,DET,DET,DET
5,"Sun, 4:25 PM",WSH,27,Final,10,LAC,LAC,LAC,WSH,WSH,LAC,LAC,LAC,LAC,LAC
5,"Sun, 8:20 PM",NE,23,Final,20,BUF,BUF,BUF,BUF,BUF,BUF,BUF,BUF,NE,BUF
5,"Mon, 8:15 PM",KC,28,Final,31,JAX,KC,KC,KC,JAX,KC,KC,KC,KC,KC
6,"Thu, 8:15 PM",PHI,17,Final,34,NYG,PHI,PHI,PHI,PHI,PHI,PHI,PHI,PHI,PHI
6,"Sun, 9:30 AM",DEN,13,Final,11,NYJ,DEN,DEN,DEN,DEN,DEN,DEN,DEN,DEN,DEN
6,"Sun, 1:00 PM",ARI,27,Final,31,IND,IND,IND,IND,IND,IND,IND,IND,IND,IND
6,"Sun, 1:00 PM",LAC,29,Final,27,MIA,LAC,LAC,LAC,LAC,LAC,LAC,LAC,LAC,MIA
6,"Sun, 1:00 PM",CLE,9,Final,23,PIT,PIT,PIT,PIT,PIT,PIT,CLE,PIT,PIT,PIT
6,"Sun, 4:25 PM",SF,19,Final,30,TB,TB,TB,SF,TB,TB,TB,TB,SF,TB
6,"Sun, 1:00 PM",DAL,27,Final,30,CAR,DAL,DAL,DAL,DAL,DAL,DAL,DAL,DAL,DAL
6,"Sun, 1:00 PM",SEA,20,Final,12,JAX,JAX,SEA,SEA,JAX,JAX,JAX,JAX,JAX,SEA
6,"Sun, 1:00 PM",LAR,17,Final,3,BAL,LAR,LAR,LAR,LAR,BAL,LAR,LAR,LAR,BAL
6,"Sun, 4:05 PM",TEN,10,Final,20,LV,LV,LV,LV,LV,TEN,LV,TEN,TEN,LV
6,"Sun, 4:25 PM",CIN,18,Final,27,GB,GB,GB,GB,GB,GB,GB,GB,GB,GB
6,"Sun, 1:00 PM",NE,25,Final,19,NO,NE,NE,NE,NE,NE,NE,NE,NE,NE
6,"Sun, 8:20 PM",DET,17,Final,30,KC,DET,DET,KC,DET,KC,DET,DET,DET,KC
6,"Mon, 7:15 PM",BUF,14,Final,24,ATL,BUF,BUF,BUF,BUF,BUF,BUF,BUF,BUF,BUF
6,"Mon, 8:15 PM",CHI,25,Final,24,WSH,WSH,WSH,WSH,WSH,WSH,WSH,WSH,CHI,WSH
7,"Thu, 8:15 PM",PIT,31,Final,33,CIN,PIT,PIT,PIT,PIT,CIN,PIT,PIT,PIT,PIT
7,"Sun, 9:30 AM",LAR,35,Final,7,JAX,LAR,LAR,LAR,LAR,JAX,LAR,LAR,LAR,LAR
7,"Sun, 1:00 PM",NO,14,Final,26,CHI,CHI,CHI,CHI,CHI,CHI,CHI,CHI,CHI,CHI
7,"Sun, 1:00 PM",MIA,6,Final,31,CLE,CLE,CLE,CLE,MIA,CLE,CLE,MIA,MIA,CLE
7,"Sun, 1:00 PM",NE,31,Final,13,TEN,NE,NE,NE,NE,NE,NE,NE,NE,NE
7,"Sun, 1:00 PM",LV,0,Final,31,KC,KC,KC,KC,KC,KC,KC,KC,KC,KC
7,"Sun, 1:00 PM",PHI,28,Final,22,MIN,PHI,PHI,PHI,PHI,PHI,PHI,PHI,MIN,MIN
7,"Sun, 1:00 PM",CAR,13,Final,6,NYJ,CAR,CAR,,NYJ,CAR,CAR,CAR,CAR,CAR
7,"Sun, 4:05 PM",NYG,32,Final,33,DEN,DEN,DEN,,DEN,DEN,DEN,NYG,DEN,NYG
7,"Sun, 4:05 PM",IND,38,Final,24,LAC,IND,IND,,LAC,LAC,LAC,IND,IND,IND
7,"Sun, 4:25 PM",WSH,22,Final,44,DAL,DAL,DAL,,DAL,DAL,DAL,DAL,DAL,WSH
7,"Sun, 4:25 PM",GB,27,Final,23,ARI,GB,GB,,GB,GB,GB,GB,GB,ARI
7,"Sun, 8:20 PM",ATL,10,Final,20,SF,SF,SF,,ATL,SF,SF,SF,ATL,ATL
7,"Mon, 7:00 PM",TB,9,Final,24,DET,TB,DET,,DET,DET,DET,DET,DET,TB
7,"Mon, 10:00 PM",HOU,19,Final,27,SEA,SEA,SEA,,SEA,SEA,SEA,SEA,SEA,SEA
8,"Thu, 8:15 PM",MIN,10,Final,37,LAC,LAC,LAC,LAC,LAC,LAC,LAC,LAC,LAC,MIN
8,"Sun, 1:00 PM",MIA,34,Final,10,ATL,ATL,ATL,ATL,ATL,ATL,ATL,ATL,ATL,ATL
8,"Sun, 1:00 PM",NYJ,39,Final,38,CIN,CIN,CIN,CIN,CIN,CIN,CIN,CIN,CIN,CIN
8,"Sun, 1:00 PM",CLE,13,Final,32,NE,NE,NE,NE,NE,NE,NE,NE,NE,NE
8,"Sun, 1:00 PM",NYG,20,Final,38,PHI,PHI,PHI,PHI,NYG,PHI,PHI,NYG,PHI,PHI
8,"Sun, 1:00 PM",BUF,40,Final,9,CAR,BUF,BUF,BUF,BUF,BUF,CAR,BUF,BUF,BUF
8,"Sun, 1:00 PM",CHI,16,Final,30,BAL,BAL,BAL,BAL,CHI,BAL,BAL,CHI,CHI,CHI
8,"Sun, 1:00 PM",SF,15,Final,26,HOU,SF,SF,HOU,HOU,HOU,SF,SF,SF,SF
8,"Sun, 4:05 PM",TB,23,Final,3,NO,TB,TB,TB,TB,TB,TB,TB,TB,TB
8,"Sun, 4:25 PM",DAL,24,Final,44,DEN,DEN,DEN,DAL,DAL,DEN,DEN,DEN,DEN,DEN
8,"Sun, 4:25 PM",TEN,14,Final,38,IND,IND,IND,IND,IND,IND,IND,IND,IND,IND
8,"Sun, 8:20 PM",GB,35,Final,25,PIT,GB,GB,GB,GB,GB,GB,PIT,PIT,GB
8,"Mon, 8:15 PM",WSH,7,Final,28,KC,KC,KC,KC,KC,KC,KC,KC,KC,KC
9,"Thu, 8:15 PM",BAL,28,Final,6,MIA,BAL,BAL,BAL,BAL,BAL,BAL,BAL,BAL,BAL
9,"Sun, 1:00 PM",CHI,47,Final,42,CIN,CHI,CHI,CHI,CHI,CIN,CIN,CHI,CHI,CHI
9,"Sun, 1:00 PM",MIN,27,Final,24,DET,DET,DET,DET,DET,DET,DET,DET,DET,DET
9,"Sun, 1:00 PM",CAR,16,Final,13,GB,GB,GB,GB,GB,GB,GB,GB,GB,GB
9,"Sun, 1:00 PM",LAC,27,Final,20,TEN,LAC,LAC,LAC,LAC,LAC,LAC,LAC,LAC,LAC
9,"Sun, 1:00 PM",ATL,23,Final,24,NE,NE,NE,NE,NE,NE,NE,NE,NE,NE
9,"Sun, 1:00 PM",SF,34,Final,24,NYG,SF,SF,SF,SF,NYG,SF,SF,NYG,SF
9,"Sun, 1:00 PM",IND,20,Final,27,PIT,IND,IND,IND,IND,IND,IND,IND,IND,IND
9,"Sun, 1:00 PM",DEN,18,Final,15,HOU,DEN,DEN,DEN,HOU,HOU,DEN,DEN,HOU,DEN
9,"Sun, 4:05 PM",JAX,30,Final,29,LV,JAX,JAX,JAX,JAX,JAX,JAX,JAX,JAX,LV
9,"Sun, 4:05 PM",NO,10,Final,34,LAR,LAR,LAR,LAR,LAR,LAR,LAR,LAR,LAR,LAR
9,"Sun, 4:25 PM",KC,21,Final,28,BUF,BUF,KC,KC,BUF,BUF,KC,BUF,KC,BUF
9,"Sun, 8:20 PM",SEA,38,Final,14,WSH,SEA,SEA,SEA,SEA,SEA,SEA,SEA,SEA,SEA
9,"Mon, 8:15 PM",ARI,27,Final,17,DAL,DAL,DAL,DAL,DAL,DAL,DAL,DAL,DAL,ARI
10,"Thu, 8:15 PM",LV,7,Final,10,DEN,DEN,DEN,DEN,DEN,DEN,DEN,DEN,DEN,DEN
10,"Sun, 9:30 AM",ATL,25,Final,31,IND,IND,IND,IND,IND,IND,IND,IND,IND,IND
10,"Sun, 1:00 PM",NYG,20,Final,24,CHI,CHI,CHI,CHI,CHI,CHI,CHI,CHI,CHI,CHI
10,"Sun, 1:00 PM",BUF,13,Final,30,MIA,BUF,BUF,BUF,BUF,BUF,BUF,BUF,BUF,BUF
10,"Sun, 1:00 PM",BAL,27,Final,19,MIN,BAL,BAL,MIN,BAL,BAL,BAL,BAL,MIN,MIN
10,"Sun, 1:00 PM",CLE,20,Final,27,NYJ,CLE,CLE,NYJ,NYJ,CLE,NYJ,CLE,CLE,CLE
10,"Sun, 1:00 PM",NE,28,Final,23,TB,TB,TB,TB,NE,TB,TB,NE,NE,TB
10,"Sun, 1:00 PM",NO,17,Final,7,CAR,CAR,CAR,CAR,CAR,CAR,CAR,CAR,CAR,CAR
10,"Sun, 1:00 PM",JAX,29,Final,36,HOU,JAX,HOU,JAX,JAX,HOU,HOU,JAX,JAX,JAX
10,"Sun, 4:05 PM",ARI,22,Final,44,SEA,SEA,SEA,SEA,SEA,SEA,SEA,SEA,SEA,SEA
10,"Sun, 4:25 PM",LAR,42,Final,26,SF,LAR,LAR,SF,LAR,LAR,LAR,LAR,LAR,LAR
10,"Sun, 4:25 PM",DET,44,Final,22,WSH,DET,DET,DET,DET,DET,DET,DET,DET,DET
10,"Sun, 8:20 PM",PIT,10,Final,25,LAC,LAC,LAC,LAC,PIT,LAC,LAC,PIT,PIT,PIT
10,"Mon, 8:15 PM",PHI,10,Final,7,GB,PHI,PHI,PHI,PHI,GB,PHI,PHI,GB,PHI
11,"Thu, 8:15 PM",NYJ,14,Final,27,NE,NE,NE,NE,NE,NE,NE,NE,NE,NE
11,"Sun, 9:30 AM",WSH,13,Final,16,MIA,MIA,MIA,WSH,MIA,WSH,MIA,MIA,MIA,WSH
11,"Sun, 1:00 PM",CAR,30,Final,27,ATL,ATL,ATL,ATL,ATL,ATL,ATL,CAR,CAR,CAR
11,"Sun, 1:00 PM",TB,32,Final,44,BUF,BUF,BUF,BUF,BUF,BUF,TB,TB,BUF,TB
11,"Sun, 1:00 PM",HOU,16,Final,13,TEN,HOU,HOU,HOU,TEN,HOU,HOU,HOU,HOU,HOU
11,"Sun, 1:00 PM",CHI,19,Final,17,MIN,CHI,MIN,MIN,CHI,CHI,MIN,CHI,CHI,MIN
11,"Sun, 1:00 PM",GB,27,Final,20,NYG,GB,GB,GB,GB,GB,GB,GB,GB,GB
11,"Sun, 1:00 PM",CIN,12,Final,34,PIT,PIT,PIT,PIT,PIT,PIT,PIT,PIT,PIT,CIN
11,"Sun, 1:00 PM",LAC,6,Final,35,JAX,LAC,LAC,JAX,LAC,JAX,LAC,LAC,LAC,JAX
11,"Sun, 4:05 PM",SEA,19,Final,21,LAR,SEA,LAR,SEA,SEA,SEA,LAR,SEA,LAR,SEA
11,"Sun, 4:05 PM",SF,41,Final,22,ARI,SF,SF,SF,SF,SF,SF,SF,SF,SF
11,"Sun, 4:25 PM",BAL,23,Final,16,CLE,BAL,BAL,BAL,BAL,BAL,BAL,BAL,BAL,BAL
11,"Sun, 4:25 PM",KC,19,Final,22,DEN,KC,KC,KC,KC,DEN,KC,KC,KC,DEN
11,"Sun, 8:20 PM",DET,9,Final,16,PHI,PHI,DET,PHI,DET,DET,PHI,DET,PHI,PHI
11,"Mon, 8:15 PM",DAL,33,Final,16,LV,DAL,DAL,DAL,DAL,DAL,DAL,DAL,DAL,DAL
12,"Thu, 8:15 PM",BUF,19,Final,23,HOU,BUF,BUF,BUF,BUF,BUF,HOU,BUF,BUF,BUF
12,"Sun, 1:00 PM",PIT,28,Final,31,CHI,CHI,CHI,CHI,PIT,CHI,CHI,CHI,CHI,PIT
12,"Sun, 1:00 PM",NE,26,Final,20,CIN,NE,NE,NE,NE,NE,NE,NE,NE,NE
12,"Sun, 1:00 PM",NYG,27,Final,34,DET,DET,DET,DET,DET,DET,DET,DET,DET,DET
12,"Sun, 1:00 PM",MIN,6,Final,23,GB,GB,GB,GB,GB,GB,GB,GB,GB,GB
12,"Sun, 1:00 PM",SEA,30,Final,24,TEN,SEA,SEA,SEA,SEA,SEA,SEA,SEA,SEA,SEA
12,"Sun, 1:00 PM",IND,20,Final,23,KC,IND,IND,IND,IND,KC,IND,IND,IND,KC
12,"Sun, 1:00 PM",NYJ,10,Final,23,BAL,BAL,BAL,BAL,BAL,BAL,BAL,BAL,BAL,BAL
12,"Sun, 4:05 PM",CLE,24,Final,10,LV,CLE,CLE,CLE,LV,LV,CLE,CLE,CLE,CLE
12,"Sun, 4:05 PM",JAX,27,Final,24,ARI,JAX,JAX,JAX,JAX,JAX,JAX,JAX,JAX,JAX
12,"Sun, 4:25 PM",PHI,21,Final,24,DAL,PHI,PHI,PHI,PHI,DAL,PHI,PHI,DAL,PHI
12,"Sun, 4:25 PM",ATL,24,Final,10,NO,ATL,ATL,ATL,NO,ATL,ATL,ATL,ATL,ATL
12,"Sun, 8:20 PM",TB,7,Final,34,LAR,LAR,LAR,TB,LAR,TB,LAR,LAR,LAR,TB
12,"Mon, 8:15 PM",CAR,9,Final,20,SF,SF,SF,SF,SF,SF,SF,SF,SF,CAR
13,"Thu, 1:00 PM",GB,31,Final,24,DET,DET,DET,DET,DET,DET,DET,DET,DET,DET
13,"Thu, 4:30 PM",KC,28,Final,31,DAL,KC,KC,KC,KC,KC,KC,KC,KC,KC
13,"Thu, 8:20 PM",CIN,32,Final,14,BAL,BAL,BAL,BAL,BAL,BAL,BAL,BAL,BAL,BAL
13,"Fri, 3:00 PM",CHI,24,Final,15,PHI,PHI,PHI,PHI,CHI,PHI,PHI,CHI,PHI,CHI
13,"Sun, 1:00 PM",SF,26,Final,8,CLE,,SF,SF,SF,SF,SF,SF,SF,SF
13,"Sun, 1:00 PM",JAX,25,Final,3,TEN,,JAX,JAX,JAX,JAX,JAX,JAX,JAX,JAX
13,"Sun, 1:00 PM",HOU,20,Final,16,IND,,IND,IND,IND,IND,IND,IND,HOU,HOU
13,"Sun, 1:00 PM",NO,17,Final,21,MIA,,MIA,MIA,MIA,MIA,MIA,MIA,MIA,MIA
13,"Sun, 1:00 PM",ATL,24,Final,27,NYJ,,ATL,ATL,ATL,ATL,ATL,ATL,ATL,ATL
13,"Sun, 1:00 PM",ARI,17,Final,20,TB,,TB,TB,TB,TB,TB,TB,TB,TB
13,"Sat, 4:30 PM",LAR,28,Final,31,CAR,,LAR,LAR,LAR,LAR,LAR,LAR,LAR,LAR
13,"Sun, 4:05 PM",MIN,0,Final,26,SEA,SEA,SEA,SEA,SEA,SEA,SEA,SEA,SEA,SEA
13,"Sun, 4:25 PM",BUF,26,Final,7,PIT,BUF,BUF,BUF,BUF,BUF,PIT,BUF,BUF,BUF
13,"Sun, 4:25 PM",LV,14,Final,31,LAC,LAC,LAC,LAC,LAC,LAC,LAC,LAC,LAC,LAC
13,"Sun, 8:20 PM",DEN,27,Final,26,WSH,DEN,DEN,DEN,DEN,DEN,DEN,DEN,DEN,DEN
13,"Mon, 8:15 PM",NYG,15,Final,33,NE,NE,NE,NE,NE,NE,NE,NE,NE,NE
14,"Thu, 8:15 PM",DAL,30,Final,44,DET,DAL,DAL,DET,DET,DET,DET,DAL,DAL,DET
14,"Sun, 1:00 PM",SEA,37,Final,9,ATL,SEA,SEA,SEA,SEA,SEA,SEA,SEA,SEA,SEA
14,"Sun, 1:00 PM",TEN,31,Final,29,CLE,CLE,CLE,CLE,CLE,CLE,CLE,CLE,TEN,CLE
14,"Sun, 1:00 PM",CIN,34,Final,39,BUF,BUF,BUF,BUF,BUF,BUF,CIN,BUF,BUF,BUF
14,"Sun, 1:00 PM",WSH,0,Final,31,MIN,WSH,WSH,WSH,WSH,MIN,MIN,WSH,WSH,MIN
14,"Sun, 1:00 PM",MIA,34,Final,10,NYJ,MIA,MIA,NYJ,MIA,NYJ,MIA,NYJ,MIA,MIA
14,"Sun, 1:00 PM",NO,24,Final,20,TB,TB,TB,TB,TB,TB,TB,TB,TB,TB
14,"Sun, 1:00 PM",IND,19,Final,36,JAX,JAX,JAX,IND,IND,JAX,IND,IND,IND,IND
14,"Sun, 1:00 PM",PIT,27,Final,22,BAL,BAL,BAL,PIT,BAL,BAL,BAL,BAL,BAL,PIT
14,"Sun, 4:05 PM",DEN,24,Final,17,LV,DEN,DEN,DEN,DEN,DEN,DEN,DEN,DEN,DEN
14,"Sun, 4:25 PM",CHI,21,Final,28,GB,CHI,GB,GB,CHI,GB,GB,CHI,CHI,CHI
14,"Sun, 4:25 PM",LAR,45,Final,17,ARI,LAR,LAR,LAR,LAR,LAR,LAR,LAR,LAR,LAR
14,"Sun, 8:20 PM",HOU,20,Final,10,KC,KC,KC,KC,KC,KC,KC,HOU,HOU,KC
14,"Mon, 8:15 PM",PHI,19,Final,22,LAC,PHI,PHI,PHI,PHI,LAC,PHI,LAC,PHI,LAC
15,"Thu, 8:15 PM",ATL,29,Final,28,TB,TB,TB,,TB,TB,TB,TB,TB,ATL
15,"Sun, 1:00 PM",CLE,3,Final,31,CHI,CHI,CHI,CHI,CHI,CHI,CHI,CHI,CHI,CHI
15,"Sun, 1:00 PM",BAL,24,Final,0,CIN,BAL,CIN,BAL,CIN,BAL,CIN,CIN,CIN,BAL
15,"Sun, 1:00 PM",LAC,16,Final,13,KC,LAC,KC,LAC,KC,KC,KC,LAC,KC,LAC
15,"Sun, 1:00 PM",BUF,35,Final,31,NE,NE,NE,NE,NE,NE,NE,NE,NE,BUF
15,"Sun, 1:00 PM",WSH,29,Final,21,NYG,NYG,NYG,NYG,NYG,NYG,NYG,NYG,NYG,WSH
15,"Sun, 1:00 PM",LV,0,Final,31,PHI,PHI,PHI,PHI,PHI,PHI,PHI,PHI,PHI,LV
15,"Sun, 1:00 PM",NYJ,20,Final,48,JAX,JAX,JAX,JAX,JAX,JAX,JAX,JAX,JAX,JAX
15,"Sun, 1:00 PM",ARI,20,Final,40,HOU,HOU,HOU,HOU,HOU,HOU,HOU,HOU,HOU,HOU
15,"Sun, 4:25 PM",GB,26,Final,34,DEN,DEN,DEN,DEN,GB,DEN,GB,GB,GB,DEN
15,"Sun, 4:25 PM",DET,34,Final,41,LAR,LAR,LAR,LAR,LAR,LAR,LAR,LAR,LAR,LAR
15,"Sun, 4:25 PM",CAR,17,Final,20,NO,CAR,CAR,CAR,NO,CAR,CAR,CAR,CAR,CAR
15,"Sun, 4:25 PM",TEN,24,Final,37,SF,SF,SF,SF,SF,SF,SF,SF,SF,SF
15,"Sun, 4:25 PM",IND,16,Final,18,SEA,SEA,SEA,SEA,SEA,SEA,SEA,SEA,SEA,SEA
15,"Sun, 8:20 PM",MIN,34,Final,26,DAL,DAL,DAL,DAL,DAL,DAL,DAL,DAL,DAL,DAL
15,"Mon, 8:15 PM",MIA,15,Final,28,PIT,PIT,PIT,PIT,PIT,PIT,PIT,PIT,PIT,PIT
16,"Thu, 8:15 PM",LAR,37,Final,38,SEA,SEA,SEA,SEA,LAR,SEA,LAR,LAR,LAR,SEA
16,"Sat, 5:00 PM",PHI,29,Final,18,WSH,PHI,PHI,,PHI,PHI,PHI,PHI,PHI,PHI
16,"Sat, 8:00 PM",GB,16,Final,22,CHI,GB,CHI,,GB,CHI,GB,GB,GB,GB
16,"Sun, 1:00 PM",BUF,23,Final,20,CLE,,BUF,,,BUF,CLE,BUF,BUF,BUF
16,"Sun, 1:00 PM",LAC,34,Final,17,DAL,,LAC,,,DAL,LAC,LAC,LAC,LAC
16,"Sun, 1:00 PM",KC,9,Final,26,TEN,,KC,,,KC,KC,KC,TEN,TEN
16,"Sun, 1:00 PM",NYJ,6,Final,29,NO,,NO,,,NO,NYJ,NYJ,NO,NO
16,"Sun, 1:00 PM",MIN,16,Final,13,NYG,,MIN,,,MIN,NYG,MIN,MIN,MIN
16,"Sun, 1:00 PM",TB,20,Final,23,CAR,,TB,,,TB,TB,CAR,CAR,CAR
16,"Sun, 1:00 PM",CIN,45,Final,21,MIA,,CIN,,,CIN,CIN,CIN,CIN,CIN
16,"Sun, 4:05 PM",JAX,34,Final,20,DEN,DEN,DEN,,,DEN,DEN,JAX,JAX,DEN
16,"Sun, 4:05 PM",ATL,26,Final,19,ARI,ATL,ATL,,,ARI,ATL,ATL,ATL,ARI
16,"Sun, 4:25 PM",PIT,29,Final,24,DET,DET,DET,,,DET,DET,DET,DET,DET
16,"Sun, 4:25 PM",LV,21,Final,23,HOU,HOU,HOU,,,HOU,HOU,HOU,HOU,HOU
16,"Sun, 8:20 PM",NE,28,Final,24,BAL,NE,NE,,,BAL,BAL,NE,NE,NE
16,"Mon, 8:15 PM",SF,48,Final,27,IND,SF,SF,,,SF,SF,SF,IND,IND
17,"Thu, 1:00 PM",DAL,30,Final,23,WSH,DAL,DAL,,DAL,DAL,DAL,DAL,DAL,DAL
17,"Thu, 4:30 PM",DET,10,Final,23,MIN,DET,DET,,DET,DET,DET,DET,DET,DET
17,"Thu, 8:15 PM",DEN,20,Final,13,KC,DEN,DEN,,DEN,DEN,DEN,DEN,DEN,DEN
17,"Sat, 4:30 PM",HOU,20,Final,16,LAC,LAC,LAC,LAC,HOU,LAC,,HOU,HOU,HOU
17,"Sat, 8:00 PM",BAL,41,Final,24,GB,GB,GB,GB,GB,BAL,,GB,GB,GB
17,"Sun, 1:00 PM",ARI,14,Final,37,CIN,CIN,CIN,CIN,CIN,CIN,CIN,CIN,CIN,ARI
17,"Sun, 1:00 PM",SEA,27,Final,10,CAR,SEA,SEA,SEA,SEA,SEA,SEA,CAR,SEA,CAR
17,"Sun, 1:00 PM",PIT,6,Final,13,CLE,PIT,PIT,PIT,PIT,PIT,CLE,PIT,PIT,PIT
17,"Sun, 1:00 PM",NO,34,Final,26,TEN,NO,TEN,NO,NO,TEN,NO,NO,NO,TEN
17,"Sun, 1:00 PM",JAX,23,Final,17,IND,JAX,JAX,JAX,JAX,JAX,JAX,JAX,JAX,JAX
17,"Sun, 1:00 PM",TB,17,Final,20,MIA,TB,TB,TB,TB,TB,TB,TB,TB,TB
17,"Sun, 1:00 PM",NE,42,Final,10,NYJ,NE,NE,NE,NE,NE,NE,NE,NE,NE
17,"Sun, 4:05 PM",NYG,34,Final,10,LV,NYG,NYG,NYG,LV,NYG,NYG,NYG,NYG,LV
17,"Sun, 4:25 PM",PHI,13,Final,12,BUF,PHI,BUF,BUF,BUF,BUF,PHI,BUF,BUF,BUF
17,"Sun, 8:20 PM",CHI,38,Final,42,SF,CHI,SF,SF,SF,SF,SF,CHI,CHI,SF
17,"Mon, 8:15 PM",LAR,24,Final,27,ATL,LAR,LAR,LAR,LAR,LAR,LAR,LAR,LAR,LAR
18,"Sat, 4:30 PM",CAR,14,Final,16,TB,TB,TB,TB,TB,TB,TB,CAR,CAR,CAR
18,"Sat, 8:00 PM",SEA,13,Final,3,SF,SEA,SEA,SEA,SF,SEA,SF,SF,SEA,SF
18,"Sun, 1:00 PM",NO,17,Final,19,ATL,ATL,ATL,ATL,NO,ATL,ATL,ATL,NO,ATL
18,"Sun, 1:00 PM",CLE,20,Final,18,CIN,CIN,CIN,CIN,CIN,CIN,CIN,CIN,CIN,CIN
18,"Sun, 1:00 PM",GB,3,Final,16,MIN,GB,GB,GB,GB,MIN,MIN,GB,GB,GB
18,"Sun, 1:00 PM",DAL,17,Final,34,NYG,DAL,DAL,DAL,DAL,DAL,DAL,DAL,DAL,DAL
18,"Sun, 1:00 PM",IND,30,Final,38,HOU,HOU,HOU,HOU,HOU,HOU,HOU,IND,HOU,HOU
18,"Sun, 1:00 PM",TEN,7,Final,41,JAX,JAX,JAX,JAX,JAX,JAX,JAX,JAX,JAX,JAX
18,"Sun, 4:25 PM",NYJ,8,Final,35,BUF,BUF,BUF,BUF,BUF,BUF,BUF,BUF,BUF,BUF
18,"Sun, 4:25 PM",DET,19,Final,16,CHI,DET,CHI,CHI,DET,CHI,CHI,CHI,CHI,CHI
18,"Sun, 4:25 PM",LAC,3,Final,19,DEN,DEN,DEN,DEN,LAC,DEN,DEN,DEN,DEN,LAC
18,"Sun, 4:25 PM",KC,12,Final,14,LV,KC,KC,KC,LV,LV,KC,KC,KC,LV
18,"Sun, 4:25 PM",ARI,20,Final,37,LAR,LAR,LAR,LAR,LAR,LAR,LAR,LAR,LAR,LAR
18,"Sun, 4:25 PM",MIA,10,Final,38,NE,NE,NE,NE,NE,NE,NE,NE,NE,NE
18,"Sun, 4:25 PM",WSH,24,Final,17,PHI,PHI,PHI,PHI,PHI,PHI,PHI,WSH,PHI,WSH
18,"Sun, 8:20 PM",BAL,24,Final,26,PIT,BAL,PIT,BAL,BAL,BAL,BAL,BAL,PIT,PIT
WC,"Sat, 4:30 PM",LAR,34,Final,31,CAR,LAR,LAR,LAR,LAR,LAR,LAR,LAR,LAR,LAR
WC,"Sat, 8:00 PM",GB,27,Final,31,CHI,CHI,CHI,CHI,CHI,CHI,CHI,CHI,CHI,CHI
WC,"Sun, 1:00 PM",BUF,27,Final,24,JAX,JAX,BUF,JAX,JAX,BUF,JAX,BUF,JAX,BUF
WC,"Sun, 4:30 PM",SF,23,Final,19,PHI,PHI,PHI,SF,SF,PHI,SF,PHI,SF,SF
WC,"Sun, 8:00 PM",LAC,3,Final,16,NE,NE,NE,NE,NE,NE,NE,NE,NE,NE
WC,"Mon, 8:15 PM",HOU,30,Final,6,PIT,HOU,HOU,HOU,HOU,PIT,HOU,HOU,HOU,HOU
DIV,"Sat, 4:30 PM",BUF,30,Final,33,DEN,DEN,BUF,BUF,BUF,BUF,DEN,BUF,DEN,DEN
DIV,"Sat, 8:00 PM",SF,6,Final,41,SEA,SEA,SEA,SEA,SF,SEA,SEA,SEA,SEA,SEA
DIV,"Sun, 3:00 PM",HOU,16,Final,28,NE,NE,HOU,NE,HOU,HOU,NE,NE,NE,NE
DIV,"Sun, 6:30 PM",LAR,20,Final,17,CHI,LAR,LAR,LAR,CHI,LAR,LAR,CHI,CHI,CHI
CONF,"Sun, 3:00 PM",NE,10,Final,7,DEN,NE,NE,,,NE,NE,NE,NE,DEN
CONF,"Sun, 6:30 PM",LAR,27,Final,31,SEA,SEA,SEA,,,SEA,SEA,SEA,LAR,SEA
SB,"Sun, 6:30 PM",SEA,29,Final,13,NE,SEA,SEA,,,NE,SEA,NE,NE,SEA